url,name,company,date
https://www.indeed.com/rc/clk?jk=73257cecf730472f&fccid=2dd14c87d68d63d8,MERN Stack Developer,TEKSystems,Today
https://www.indeed.com/rc/clk?jk=e20d2d4d0186f88e&fccid=d97bcd095644d57a,Java Developer ( W2 - Contract),Pamten,Today
https://www.indeed.com/rc/clk?jk=aa55c239dca121f5&fccid=c46d0116f6e69eae,Corporate Marketing - Frontend Developer,JP Morgan Chase,Today
https://www.indeed.com/company/Venturi-Ltd/jobs/Senior-Software-Engineer-Javascript-365935202b412433?fccid=6b3c31e06209038c,Senior Software Engineer – Javascript / Angular / Node,Venturi Ltd,Today
https://www.indeed.com/rc/clk?jk=df85c51146e1b8f0&fccid=f294abb5312a512f,Full Stack Developer,Argo Group,Today
https://www.indeed.com/rc/clk?jk=57166de91a6f21fb&fccid=c09c7ed3169f74f6,Software Engineer,The Daily Beast,Today
https://www.indeed.com/rc/clk?jk=665ebc0508431664&fccid=86d6d7972627253c,Senior Full-stack Software Engineer,Cheddar,Today
https://www.indeed.com/rc/clk?jk=3d861ca86b855e2b&fccid=9c5d04439d9cd2e7,Front End Developer,Russell Tobin,Today
https://www.indeed.com/rc/clk?jk=eaebaa109d058f8f&fccid=f6ce40c91e89f80b,UI senior Developer,Diverse Lynx,Today
https://www.indeed.com/rc/clk?jk=33d7c55f05f3c5c1&fccid=9044e8bd254c73d6,Full Stack .NET Web Developer,Rockstar New York,Today
https://www.indeed.com/company/Elite-Work-Forcw/jobs/Java-Webservice-Developer-d0aa2f5dce1a1af6?fccid=b64eb1fa357ec9a3,Java Webservices Developer,Elite Work Force,Today
https://www.indeed.com/company/Saggezza-Inc/jobs/Java-Developer-e4782ba73b6ecebe?fccid=84397bae40d39038,Java Developer,Saggezza Inc,Today
https://www.indeed.com/company/Connectors-8.0/jobs/Full-Stack-Java-Developer-831eb21bafe4cf9e?fccid=fc70bec8b4bb7efe,Full Stack Java Developer,Connectors 8.0,Today
https://www.indeed.com/rc/clk?jk=527798503ccee9ea&fccid=72f09c2e19338dfb,Web Developer,Celer Technologies Limited,Today
https://www.indeed.com/company/Brainhunter-Systems-Ltd/jobs/Senior-Java-Developer-e742321cfab00ea0?fccid=ff23a88299ea472b,Sr. Java Developer,Brainhunter Systems LLC,Today
https://www.indeed.com/company/Harrington-Starr/jobs/Software-Developer-485503e348d444af?fccid=7a8972ba56ea64e7,Software Developer - Java + Oracle - NYC/NJ - $100k-130k - 1-3yrs Exp,Harrington Starr Client,Today
https://www.indeed.com/rc/clk?jk=f52f67c3d8243506&fccid=ac38a400acc8fe73,Web Authentication Engineer,NTT DATA Services,Today
https://www.indeed.com/rc/clk?jk=1834bb3a4b12e887&fccid=72f09c2e19338dfb,Analytics Developer,Celer Technologies Limited,Today
https://www.indeed.com/rc/clk?jk=547d7d2825f35233&fccid=537b899e30af3338,Developer/Engineer,RBC,Today
https://www.indeed.com/rc/clk?jk=e20d2d4d0186f88e&fccid=d97bcd095644d57a,Java Developer ( W2 - Contract),Pamten,Today
https://www.indeed.com/rc/clk?jk=d00e36ecfe72678e&fccid=ea25315ee9da22e5,Software Engineer,Comcast,Today
https://www.indeed.com/rc/clk?jk=755ba8dcbaeb7240&fccid=2dd14c87d68d63d8,Machine Learning- Data Science- W2 Only,TEKSystems,Today
https://www.indeed.com/rc/clk?jk=d4ee0dd040003df5&fccid=a4e4e2eaf26690c9,Federal - Java Developer,Accenture,Just posted
https://www.indeed.com/company/VXL-TECHNOLOGY/jobs/Angular-O-React-Developer-3e8bf0ec88048cb6?fccid=81e7b30ae91893e0,ANGULAR O REACT DEVELOPER,VXL TECHNOLOGY,1 day ago
https://www.indeed.com/rc/clk?jk=f52f67c3d8243506&fccid=ac38a400acc8fe73,Web Authentication Engineer,NTT DATA Services,Today
https://www.indeed.com/company/Saggezza-Inc/jobs/Java-Developer-e4782ba73b6ecebe?fccid=84397bae40d39038,Java Developer,Saggezza Inc,Today
https://www.indeed.com/rc/clk?jk=b8da57fc72012c66&fccid=a3cd1537c715fc58,Lead Front-End Developer,Isobar,Today
https://www.indeed.com/rc/clk?jk=2b6d1047c3c95330&fccid=a3cd1537c715fc58,Freelance Lead Front-End Developer,Isobar,Today
https://www.indeed.com/rc/clk?jk=547d7d2825f35233&fccid=537b899e30af3338,Developer/Engineer,RBC,Today
https://www.indeed.com/rc/clk?jk=dda97f756364a6b0&fccid=747a8ebb4b8dcdea,Lead Full Stack Developer/Architect,Infostretch Corporation,Today
"https://www.indeed.com/company/SANS-Consulting-Services,-Inc/jobs/Senior-Python-Team-Lead-eb247c7d72390be3?fccid=5d90741236d0e995",Sr. Python Team Lead,"SANS Consulting Services, Inc",Today
https://www.indeed.com/rc/clk?jk=f5a81031d22d0e1a&fccid=4a2d2fbadf14d480,Blockchain Developer,Jobspring Partners,Today
https://www.indeed.com/rc/clk?jk=5da2b38019be28f5&fccid=2dd14c87d68d63d8,Object Oriented Programmer W2,TEKSystems,Today
https://www.indeed.com/company/Quantum/jobs/Senior-Embedded-Software-Firmware-Engineer-2cfc80048f8d8f11?fccid=a5157fd7e0f25b3f,Senior Embedded Software Firmware Engineer,Quantum,Today
https://www.indeed.com/rc/clk?jk=fc7bc7a6f3b427df&fccid=87a800a7ae346e84,Market Data Services (Consultant),Klein Management Systems,Today
https://www.indeed.com/rc/clk?jk=faa8fd29f2554234&fccid=2dd14c87d68d63d8,Java/Python Developer W2 Only,TEKSystems,Today
https://www.indeed.com/rc/clk?jk=813ae3e308b6fa34&fccid=c46d0116f6e69eae,Market Data Java Software Engineer,JP Morgan Chase,Today
https://www.indeed.com/rc/clk?jk=40f05b1dbd67b7b8&fccid=fe404d18bb9eef1e,Senior Backend Infrastructure Engineer,Spotify,Today
https://www.indeed.com/rc/clk?jk=eb7992cfa309fc66&fccid=c46d0116f6e69eae,Senior Architect - Software Engineering,JP Morgan Chase,Today
https://www.indeed.com/rc/clk?jk=8f4a713a74a0b424&fccid=c46d0116f6e69eae,Software Engineering Lead - Digital Mobile,JP Morgan Chase,Today
https://www.indeed.com/rc/clk?jk=6de90e895a093737&fccid=c46d0116f6e69eae,CIB QR - Quantitative Research Model Risk Methodologies – Quant Developer – VP,JP Morgan Chase,Today
https://www.indeed.com/rc/clk?jk=df85c51146e1b8f0&fccid=f294abb5312a512f,Full Stack Developer,Argo Group,Today
https://www.indeed.com/company/ApTask/jobs/Software-Developer-ebf35f2bc3b2d906?fccid=d14b96f37f26c9be,Software Developer,ApTask,Just posted
https://www.indeed.com/rc/clk?jk=3851671df5d69458&fccid=4144c0c6235e4037,"Senior Java Developer, Oracle E-Business Suite",Prudential,Just posted
https://www.indeed.com/rc/clk?jk=8f15b4ab46bdad0b&fccid=58c732f14833248a,Fixed Income Fundamental Technology Lead,BlackRock,Just posted
https://www.indeed.com/rc/clk?jk=e8eca026a61b853f&fccid=1dd37b4fa1c953a9,Senior iOS Developer,Jun Group,Just posted
https://www.indeed.com/company/Huxley-Banking-&-Financial-Services/jobs/Fpga-Engineer-6b5b44237d66d1c7?fccid=a99f2979188d6031,FPGA Engineer - Trading Technology,Huxley Banking & Financial Services,Just posted
https://www.indeed.com/company/Latitude36/jobs/Senior-Technical-Writer-45865a598a0e0135?fccid=f61a5242f56be30e,Senior Technical Writer,Latitude36 Inc,Just posted
https://www.indeed.com/company/Mondo/jobs/Java-Developer-ecb139907d787c7a?fccid=0dd1345d80423eb6,Java Developer,Mondo,Today
https://www.indeed.com/rc/clk?jk=ec67bf4980ecd077&fccid=72f09c2e19338dfb,Java Developer,Celer Technologies Limited,Today
https://www.indeed.com/company/STCG-USA/jobs/Senior-Java-Backend-Developer-0b6055330e441ac2?fccid=4a1c49f6bab10bf6,Sr. Java Backend Developer,STCG USA,Today
https://www.indeed.com/rc/clk?jk=069598eda43ddfa9&fccid=4a7b16f7f4f3a221,Javascript Developer,"Move, Inc.",1 day ago
https://www.indeed.com/company/Aretec-Inc./jobs/Software-Developer-8c25e42cdb0d5f36?fccid=a66e365b99daa559,Software Developer,Aretec Inc.,1 day ago
https://www.indeed.com/rc/clk?jk=26c70666e8abad7a&fccid=d2c44cc4fa5f3a1f,"Software Engineer, Web Platform",TeachersPayTeachers,1 day ago
https://www.indeed.com/rc/clk?jk=23cdcaaab29c1575&fccid=1c8655b948495cbc,Javascript Developer,realtor.com,1 day ago
https://www.indeed.com/rc/clk?jk=0b112358ba8f2c9b&fccid=ceef19c020a8c6a1,Full Stack Developer,Ajulia Executive Search,1 day ago
https://www.indeed.com/rc/clk?jk=a884de71f3f94daf&fccid=e6cb5d8df903422a,Software Engineer,Persado,1 day ago
https://www.indeed.com/rc/clk?jk=b6d0cd65e8e2c09b&fccid=e1148c2bc4802495,Senior Web Engineer,Purch,1 day ago
https://www.indeed.com/rc/clk?jk=e8268df9010ce472&fccid=30b615db930dc5b6,Senior Front End Developer,Everwise,1 day ago
https://www.indeed.com/company/Innovitusa/jobs/Senior-Ui-Developer-acee66e2366bc44d?fccid=0539f8f245971127,Sr. UI Developer,InnovitUSA,1 day ago
